 -- 20 Total Addresses:
-- 5 for customers
-- 10 for staff
-- 5 for restaurants
INSERT INTO
    Addresses (
        id,
        line1,
        line2,
        line3,
        locality,
        region,
        postcode,
        country
    )
VALUES
    (
        1,
        '5 Broad Street',
        'Fairview',
        'Dublin 3',
        NULL,
        'Dublin',
        'D03 6JZ',
        'Ireland'
    );

INSERT INTO
    Addresses (
        id,
        line1,
        line2,
        line3,
        locality,
        region,
        postcode,
        country
    )
VALUES
    (
        2,
        '6 Broad Street',
        'Fairview',
        'Dublin 3',
        NULL,
        'Dublin',
        'D03 6LZ',
        'Ireland'
    );

INSERT INTO
    Addresses (
        id,
        line1,
        line2,
        line3,
        locality,
        region,
        postcode,
        country
    )
VALUES
    (
        3,
        '7 Broad Street',
        'Fairview',
        'Dublin 3',
        NULL,
        'Dublin',
        'D03 6KZ',
        'Ireland'
    );

INSERT INTO
    Addresses (
        id,
        line1,
        line2,
        line3,
        locality,
        region,
        postcode,
        country
    )
VALUES
    (
        4,
        '8 Broad Street',
        'Fairview',
        'Dublin 3',
        NULL,
        'Dublin',
        'D03 6JU',
        'Ireland'
    );

INSERT INTO
    Addresses (
        id,
        line1,
        line2,
        line3,
        locality,
        region,
        postcode,
        country
    )
VALUES
    (
        5,
        '9 Broad Street',
        'Fairview',
        'Dublin 3',
        NULL,
        'Dublin',
        'D03 JZ6',
        'Ireland'
    );

INSERT INTO
    Addresses (
        id,
        line1,
        line2,
        line3,
        locality,
        region,
        postcode,
        country
    )
VALUES
    (
        6,
        '10 Broad Street',
        'Fairview',
        'Dublin 3',
        NULL,
        'Dublin',
        'D03 66Z',
        'Ireland'
    );

INSERT INTO
    Addresses (
        id,
        line1,
        line2,
        line3,
        locality,
        region,
        postcode,
        country
    )
VALUES
    (
        7,
        '11 Broad Street',
        'Fairview',
        'Dublin 3',
        NULL,
        'Dublin',
        'D03 99Z',
        'Ireland'
    );

INSERT INTO
    Addresses (
        id,
        line1,
        line2,
        line3,
        locality,
        region,
        postcode,
        country
    )
VALUES
    (
        8,
        '12 Broad Street',
        'Fairview',
        'Dublin 3',
        NULL,
        'Dublin',
        'D03 22Z',
        'Ireland'
    );

INSERT INTO
    Addresses (
        id,
        line1,
        line2,
        line3,
        locality,
        region,
        postcode,
        country
    )
VALUES
    (
        9,
        '13 Broad Street',
        'Fairview',
        'Dublin 3',
        NULL,
        'Dublin',
        'D03 0AZ',
        'Ireland'
    );

INSERT INTO
    Addresses (
        id,
        line1,
        line2,
        line3,
        locality,
        region,
        postcode,
        country
    )
VALUES
    (
        10,
        '14 Broad Street',
        'Fairview',
        'Dublin 3',
        NULL,
        'Dublin',
        'D03 R8Z',
        'Ireland'
    );

INSERT INTO
    Addresses (
        id,
        line1,
        line2,
        line3,
        locality,
        region,
        postcode,
        country
    )
VALUES
    (
        11,
        '15 Broad Street',
        'Fairview',
        'Dublin 3',
        NULL,
        'Dublin',
        'D03 2YZ',
        'Ireland'
    );

INSERT INTO
    Addresses (
        id,
        line1,
        line2,
        line3,
        locality,
        region,
        postcode,
        country
    )
VALUES
    (
        12,
        '16 Broad Street',
        'Fairview',
        'Dublin 3',
        NULL,
        'Dublin',
        'D03 NJZ',
        'Ireland'
    );

INSERT INTO
    Addresses (
        id,
        line1,
        line2,
        line3,
        locality,
        region,
        postcode,
        country
    )
VALUES
    (
        13,
        '17 Broad Street',
        'Fairview',
        'Dublin 3',
        NULL,
        'Dublin',
        'D03 6JM',
        'Ireland'
    );

INSERT INTO
    Addresses (
        id,
        line1,
        line2,
        line3,
        locality,
        region,
        postcode,
        country
    )
VALUES
    (
        14,
        '18 Broad Street',
        'Fairview',
        'Dublin 3',
        NULL,
        'Dublin',
        'D03 6JB',
        'Ireland'
    );

INSERT INTO
    Addresses (
        id,
        line1,
        line2,
        line3,
        locality,
        region,
        postcode,
        country
    )
VALUES
    (
        15,
        '19 Broad Street',
        'Fairview',
        'Dublin 3',
        NULL,
        'Dublin',
        'D03 6SZ',
        'Ireland'
    );

INSERT INTO
    Addresses (
        id,
        line1,
        line2,
        line3,
        locality,
        region,
        postcode,
        country
    )
VALUES
    (
        16,
        '20 Broad Street',
        'Fairview',
        'Dublin 3',
        NULL,
        'Dublin',
        'D03 PJZ',
        'Ireland'
    );

INSERT INTO
    Addresses (
        id,
        line1,
        line2,
        line3,
        locality,
        region,
        postcode,
        country
    )
VALUES
    (
        17,
        '21 Broad Street',
        'Fairview',
        'Dublin 3',
        NULL,
        'Dublin',
        'D03 61O',
        'Ireland'
    );

INSERT INTO
    Addresses (
        id,
        line1,
        line2,
        line3,
        locality,
        region,
        postcode,
        country
    )
VALUES
    (
        18,
        '22 Broad Street',
        'Fairview',
        'Dublin 3',
        NULL,
        'Dublin',
        'D03 1KO',
        'Ireland'
    );

INSERT INTO
    Addresses (
        id,
        line1,
        line2,
        line3,
        locality,
        region,
        postcode,
        country
    )
VALUES
    (
        19,
        '23 Broad Street',
        'Fairview',
        'Dublin 3',
        NULL,
        'Dublin',
        'D03 666',
        'Ireland'
    );

INSERT INTO
    Addresses (
        id,
        line1,
        line2,
        line3,
        locality,
        region,
        postcode,
        country
    )
VALUES
    (
        20,
        '24 Broad Street',
        'Fairview',
        'Dublin 3',
        NULL,
        'Dublin',
        'D03 JJJ',
        'Ireland'
    );

INSERT INTO
    People (id, person_name, dob, phone_number, address_id)
VALUES
    (
        1,
        'John Doe',
        TO_DATE('2000-01-01', 'yyyy-mm-dd'),
        '5555551212',
        1
    );

INSERT INTO
    People (id, person_name, dob, phone_number, address_id)
VALUES
    (
        2,
        'Jane Doe',
        TO_DATE('2000-02-02', 'yyyy-mm-dd'),
        '5555551313',
        2
    );

INSERT INTO
    People (id, person_name, dob, phone_number, address_id)
VALUES
    (
        3,
        'James Smith',
        TO_DATE('2000-03-03', 'yyyy-mm-dd'),
        '5555551414',
        3
    );

INSERT INTO
    People (id, person_name, dob, phone_number, address_id)
VALUES
    (
        4,
        'Emily Johnson',
        TO_DATE('2000-04-04', 'yyyy-mm-dd'),
        '5555551515',
        4
    );

INSERT INTO
    People (id, person_name, dob, phone_number, address_id)
VALUES
    (
        5,
        'Samantha Williams',
        TO_DATE('2000-05-05', 'yyyy-mm-dd'),
        '5555551616',
        5
    );

INSERT INTO
    People (id, person_name, dob, phone_number, address_id)
VALUES
    (
        6,
        'Michael Brown',
        TO_DATE('2000-06-06', 'yyyy-mm-dd'),
        '5555551717',
        6
    );

INSERT INTO
    People (id, person_name, dob, phone_number, address_id)
VALUES
    (
        7,
        'Sara Davis',
        TO_DATE('2000-07-07', 'yyyy-mm-dd'),
        '5555551818',
        7
    );

INSERT INTO
    People (id, person_name, dob, phone_number, address_id)
VALUES
    (
        8,
        'William Thompson',
        TO_DATE('2000-08-08', 'yyyy-mm-dd'),
        '5555551919',
        8
    );

INSERT INTO
    People (id, person_name, dob, phone_number, address_id)
VALUES
    (
        9,
        'Ashley Taylor',
        TO_DATE('2000-03-03', 'yyyy-mm-dd'),
        '5555552020',
        9
    );

INSERT INTO
    People (id, person_name, dob, phone_number, address_id)
VALUES
    (
        10,
        'Richard Anderson',
        TO_DATE('2000-10-10', 'yyyy-mm-dd'),
        '5555552121',
        10
    );

INSERT INTO
    People (id, person_name, dob, phone_number, address_id)
VALUES
    (
        11,
        'Emily Davis',
        TO_DATE('2000-11-11', 'yyyy-mm-dd'),
        '5555552222',
        11
    );

INSERT INTO
    People (id, person_name, dob, phone_number, address_id)
VALUES
    (
        12,
        'Daniel Johnson',
        TO_DATE('2000-12-12', 'yyyy-mm-dd'),
        '5555552323',
        12
    );

INSERT INTO
    People (id, person_name, dob, phone_number, address_id)
VALUES
    (
        13,
        'Emma Williams',
        TO_DATE('2000-01-01', 'yyyy-mm-dd'),
        '5555552424',
        13
    );

INSERT INTO
    People (id, person_name, dob, phone_number, address_id)
VALUES
    (
        14,
        'Michael Thompson',
        TO_DATE('2000-02-02', 'yyyy-mm-dd'),
        '5555552525',
        14
    );

INSERT INTO
    People (id, person_name, dob, phone_number, address_id)
VALUES
    (
        15,
        'Sara Taylor',
        TO_DATE('2000-03-03', 'yyyy-mm-dd'),
        '5555552626',
        15
    );

INSERT INTO
    Restaurants (id, phone_number, address_id)
VALUES
    (1, '5555551212', 16);

INSERT INTO
    Restaurants (id, phone_number, address_id)
VALUES
    (2, '5555551313', 17);

INSERT INTO
    Restaurants (id, phone_number, address_id)
VALUES
    (3, '5555551414', 18);

INSERT INTO
    Restaurants (id, phone_number, address_id)
VALUES
    (4, '5555551515', 19);

INSERT INTO
    Restaurants (id, phone_number, address_id)
VALUES
    (5, '5555551616', 20);

INSERT INTO
    DiningTables (id, seats, location, restaurant_id)
VALUES
    (1, 4, 'window', 1);

INSERT INTO
    DiningTables (id, seats, location, restaurant_id)
VALUES
    (2, 2, 'interior', 1);

INSERT INTO
    DiningTables (id, seats, location, restaurant_id)
VALUES
    (3, 6, 'window', 2);

INSERT INTO
    DiningTables (id, seats, location, restaurant_id)
VALUES
    (4, 4, 'interior', 2);

INSERT INTO
    DiningTables (id, seats, location, restaurant_id)
VALUES
    (5, 8, 'window', 3);

INSERT INTO
    DiningTables (id, seats, location, restaurant_id)
VALUES
    (6, 6, 'interior', 3);

INSERT INTO
    DiningTables (id, seats, location, restaurant_id)
VALUES
    (7, 4, 'window', 4);

INSERT INTO
    DiningTables (id, seats, location, restaurant_id)
VALUES
    (8, 8, 'interior', 4);

INSERT INTO
    DiningTables (id, seats, location, restaurant_id)
VALUES
    (9, 8, 'window', 5);

INSERT INTO
    DiningTables (id, seats, location, restaurant_id)
VALUES
    (10, 2, 'interior', 5);

INSERT INTO
    Staff (
        id,
        person_id,
        role,
        start_date,
        email,
        restaurant_id
    )
VALUES
    (
        1,
        1,
        'waiter',
        TO_DATE('2022-01-01', 'YYYY-MM-DD'),
        'johndoe@burgershack.com',
        1
    );

INSERT INTO
    Staff (
        id,
        person_id,
        role,
        start_date,
        email,
        restaurant_id
    )
VALUES
    (
        2,
        2,
        'manager',
        TO_DATE('2022-01-01', 'YYYY-MM-DD'),
        'janedoe@burgershack.com',
        1
    );

INSERT INTO
    Staff (
        id,
        person_id,
        role,
        start_date,
        email,
        restaurant_id
    )
VALUES
    (
        3,
        3,
        'waiter',
        TO_DATE('2022-01-01', 'YYYY-MM-DD'),
        'jamessmith@burgershack.com',
        2
    );

INSERT INTO
    Staff (
        id,
        person_id,
        role,
        start_date,
        email,
        restaurant_id
    )
VALUES
    (
        4,
        4,
        'manager',
        TO_DATE('2022-01-01', 'YYYY-MM-DD'),
        'emilyjohnson@burgershack.com',
        2
    );

INSERT INTO
    Staff (
        id,
        person_id,
        role,
        start_date,
        email,
        restaurant_id
    )
VALUES
    (
        5,
        5,
        'waiter',
        TO_DATE('2022-01-01', 'YYYY-MM-DD'),
        'samanthawilliams@burgershack.com',
        3
    );

INSERT INTO
    Staff (
        id,
        person_id,
        role,
        start_date,
        email,
        restaurant_id
    )
VALUES
    (
        6,
        6,
        'manager',
        TO_DATE('2022-01-01', 'YYYY-MM-DD'),
        'michaelbrown@burgershack.com',
        3
    );

INSERT INTO
    Staff (
        id,
        person_id,
        role,
        start_date,
        email,
        restaurant_id
    )
VALUES
    (
        7,
        7,
        'waiter',
        TO_DATE('2022-01-01', 'YYYY-MM-DD'),
        'saradavis@burgershack.com',
        4
    );

INSERT INTO
    Staff (
        id,
        person_id,
        role,
        start_date,
        email,
        restaurant_id
    )
VALUES
    (
        8,
        8,
        'manager',
        TO_DATE('2022-01-01', 'YYYY-MM-DD'),
        'williamthompson@burgershack.com',
        4
    );

INSERT INTO
    Staff (
        id,
        person_id,
        role,
        start_date,
        email,
        restaurant_id
    )
VALUES
    (
        9,
        9,
        'waiter',
        TO_DATE('2022-01-01', 'YYYY-MM-DD'),
        'ashleytaylor@burgershack.com',
        5
    );

INSERT INTO
    Staff (
        id,
        person_id,
        role,
        start_date,
        email,
        restaurant_id
    )
VALUES
    (
        10,
        10,
        'manager',
        TO_DATE('2022-01-01', 'YYYY-MM-DD'),
        'richardanderson@burgershack.com',
        5
    );

INSERT INTO
    Customers (id, person_id, email)
VALUES
    (1, 11, 'emilydavis@example.com');

INSERT INTO
    Customers (id, person_id, email)
VALUES
    (2, 12, 'danieljohnson@example.com');

INSERT INTO
    Customers (id, person_id, email)
VALUES
    (3, 13, 'emmawilliams@example.com');

INSERT INTO
    Customers (id, person_id, email)
VALUES
    (4, 14, 'michaelthompson@example.com');

INSERT INTO
    Customers (id, person_id, email)
VALUES
    (5, 15, 'sarataylor@example.com');

INSERT INTO
    BookingReceipts (
        id,
        num_people,
        booking_method,
        dining_table_id,
        booking_customer_id,
        waiter_id,
        manager_id
    )
VALUES
    (1, 2, 'online', 1, 1, 1, 2);

INSERT INTO
    BookingReceipts (
        id,
        num_people,
        booking_method,
        dining_table_id,
        booking_customer_id,
        waiter_id,
        manager_id
    )
VALUES
    (2, 2, 'phone', 2, 2, 3, 4);

INSERT INTO
    BookingReceipts (
        id,
        num_people,
        booking_method,
        dining_table_id,
        booking_customer_id,
        waiter_id,
        manager_id
    )
VALUES
    (3, 4, 'manager', 3, 3, 5, 6);

INSERT INTO
    BookingReceipts (
        id,
        num_people,
        booking_method,
        dining_table_id,
        booking_customer_id,
        waiter_id,
        manager_id
    )
VALUES
    (4, 4, 'online', 4, 4, 7, 8);

INSERT INTO
    BookingReceipts (
        id,
        num_people,
        booking_method,
        dining_table_id,
        booking_customer_id,
        waiter_id,
        manager_id
    )
VALUES
    (5, 2, 'phone', 5, 5, 9, 10);

INSERT INTO
    BookingGuests (booking_id, customer_id)
VALUES
    (1, 1);

INSERT INTO
    BookingGuests (booking_id, customer_id)
VALUES
    (2, 2);

INSERT INTO
    BookingGuests (booking_id, customer_id)
VALUES
    (3, 3);

INSERT INTO
    BookingGuests (booking_id, customer_id)
VALUES
    (4, 4);

INSERT INTO
    BookingGuests (booking_id, customer_id)
VALUES
    (5, 5);

COMMIT;
